{
  "mse_1step": 1.988389015197754,
  "mse_1step_oracle": 1.055243968963623,
  "mse_1step_ols": 2.021440267562866,
  "mse_1step_last": 3.8514180183410645,
  "rel_error_1step": 1.8842931811783694,
  "rel_error_1step_last": 3.649789178253842,
  "mse_rollout": 2.1391963958740234,
  "mse_rollout_oracle": 1.6836479902267456,
  "mse_rollout_ols": 2.5586869716644287,
  "mse_rollout_last": 3.8563623428344727,
  "rel_error_rollout": 1.2705722385508427,
  "rel_error_rollout_last": 2.2904801747276853,
  "spd": 2.611777686642017,
  "ilwd": 37.80402424633503,
  "training_history": {
    "train_losses": [
      3.7117562294006348,
      13.407505989074707,
      8.704891204833984,
      3.731227397918701,
      2.2676069736480713,
      2.9807417392730713,
      3.0091845989227295,
      2.428325653076172,
      2.1055047512054443,
      2.242455005645752,
      2.3627126216888428,
      2.299962043762207,
      2.128901958465576,
      2.0657942295074463,
      2.133579730987549,
      2.1384103298187256,
      2.083705425262451,
      2.046187400817871,
      2.1007866859436035,
      2.125850200653076,
      2.080939531326294,
      2.060412883758545,
      2.0409746170043945,
      2.07350492477417,
      2.0751805305480957,
      2.0384535789489746,
      2.0417747497558594,
      2.0472962856292725,
      2.0481648445129395,
      2.032089948654175,
      2.0298192501068115,
      2.0323476791381836,
      2.032546043395996,
      2.020416259765625,
      2.031909465789795,
      2.036881923675537,
      2.020206928253174,
      2.021266222000122,
      2.022207260131836,
      2.024258613586426,
      2.014941692352295,
      2.0177087783813477,
      2.022294282913208,
      2.0108401775360107,
      2.0113120079040527,
      2.0146496295928955,
      2.0102384090423584,
      2.0056982040405273,
      2.009575128555298,
      2.009204387664795,
      2.0006351470947266,
      2.0022313594818115,
      2.0010242462158203,
      1.9984626770019531,
      2.0002222061157227,
      1.995000958442688,
      1.9973154067993164,
      1.9956426620483398,
      1.9941766262054443,
      1.9933685064315796,
      1.9930499792099,
      1.991239309310913,
      1.991525650024414,
      1.9885727167129517,
      1.9906773567199707,
      1.988323450088501,
      1.9869117736816406,
      1.9842294454574585,
      1.9832298755645752,
      1.9827845096588135,
      1.9830917119979858,
      1.9804269075393677,
      1.9803519248962402,
      1.9786103963851929,
      1.9796433448791504,
      1.9792163372039795,
      1.978278636932373,
      1.9778823852539062,
      1.9739985466003418,
      1.9740139245986938,
      1.973642110824585,
      1.9722096920013428,
      1.9722950458526611,
      1.9707767963409424,
      1.9714511632919312,
      1.9705256223678589,
      1.9683969020843506,
      1.9661169052124023,
      1.9658865928649902,
      1.9651744365692139,
      1.965479850769043,
      1.9652035236358643,
      1.9657902717590332,
      1.9629896879196167,
      1.963364601135254,
      1.9626296758651733,
      1.959902286529541,
      1.9561426639556885,
      1.9595450162887573,
      1.960107684135437,
      1.9551315307617188,
      1.953944206237793,
      1.957334280014038,
      1.952803134918213,
      1.9506677389144897,
      1.9513884782791138,
      1.9523001909255981,
      1.949899673461914,
      1.947862148284912,
      1.9461702108383179,
      1.9476138353347778,
      1.951224684715271,
      1.9431986808776855,
      1.9495105743408203,
      1.9434407949447632,
      1.947053074836731,
      1.943153738975525,
      1.9427053928375244,
      1.9456003904342651,
      1.9383221864700317,
      1.9393798112869263,
      1.944206953048706,
      1.9356235265731812,
      1.9433764219284058,
      1.9340890645980835,
      1.9400644302368164,
      1.934167742729187,
      1.9344148635864258,
      1.9393763542175293,
      1.9306433200836182,
      1.9393938779830933,
      1.9302407503128052,
      1.937888741493225,
      1.927351951599121,
      1.9386926889419556,
      1.9272408485412598,
      1.9472161531448364,
      1.9410231113433838,
      1.930513858795166,
      1.9313219785690308,
      1.929107904434204,
      1.926758050918579,
      1.9306646585464478,
      1.9249637126922607,
      1.9366134405136108,
      1.9368369579315186,
      1.921278476715088,
      1.9303169250488281,
      1.9192323684692383,
      1.9359838962554932,
      1.932323932647705,
      1.921319603919983,
      1.9248948097229004,
      1.9174884557724,
      1.9328346252441406,
      1.9279594421386719,
      1.9175623655319214,
      1.9178669452667236,
      1.9161972999572754,
      1.9166027307510376,
      1.911861777305603,
      1.9212584495544434,
      1.9126142263412476,
      1.9315910339355469,
      1.9371886253356934,
      1.9087889194488525,
      1.9304815530776978,
      1.9372121095657349,
      1.9118452072143555,
      1.9182121753692627,
      1.9296646118164062,
      1.911423921585083,
      1.9116665124893188,
      1.9205812215805054,
      1.9032917022705078,
      1.919887661933899,
      1.9318310022354126,
      1.9068758487701416,
      1.9095765352249146,
      1.9222080707550049,
      1.9079123735427856,
      1.8996326923370361,
      1.906433343887329,
      1.8957586288452148,
      1.9066646099090576,
      1.9071484804153442,
      1.892875075340271,
      1.8995354175567627,
      1.9002254009246826,
      1.8892358541488647,
      1.8978838920593262,
      1.892717719078064,
      1.8895684480667114,
      1.8895659446716309,
      1.8863400220870972,
      1.8918588161468506,
      1.887837290763855,
      1.8826594352722168,
      1.893176555633545,
      1.881229281425476,
      1.8871427774429321,
      1.8859463930130005,
      1.8797571659088135,
      1.8876861333847046,
      1.883424997329712,
      1.8838173151016235,
      1.8718907833099365,
      1.8975648880004883,
      1.8883662223815918,
      1.8734557628631592,
      1.8754459619522095,
      1.8709096908569336,
      1.8674894571304321,
      1.8711473941802979,
      1.862866759300232,
      1.8781696557998657,
      1.8714802265167236,
      1.867051601409912,
      1.8647472858428955,
      1.8645598888397217,
      1.8614094257354736,
      1.8584967851638794,
      1.856685996055603,
      1.855034589767456,
      1.850805640220642,
      1.8610634803771973,
      1.852889060974121,
      1.857913851737976,
      1.8575870990753174,
      1.8461861610412598,
      1.8518344163894653,
      1.8408235311508179,
      1.868744969367981,
      1.87044095993042,
      1.838492751121521,
      1.8599351644515991,
      1.867405652999878,
      1.8403438329696655,
      1.8506824970245361,
      1.864903450012207,
      1.8402369022369385,
      1.8421167135238647,
      1.8521848917007446,
      1.8367007970809937,
      1.8338623046875,
      1.836061954498291,
      1.8327627182006836,
      1.827614426612854,
      1.8251923322677612,
      1.8248767852783203,
      1.8183473348617554,
      1.821927547454834,
      1.8147311210632324,
      1.8197828531265259,
      1.8133817911148071,
      1.816125750541687,
      1.8138453960418701,
      1.8085150718688965,
      1.8068482875823975,
      1.8048242330551147,
      1.7993735074996948,
      1.8003363609313965,
      1.7964023351669312,
      1.79767906665802,
      1.7972040176391602,
      1.792696237564087,
      1.7867093086242676,
      1.7843010425567627,
      1.7826569080352783,
      1.7845457792282104,
      1.7816859483718872,
      1.7740427255630493,
      1.7746100425720215,
      1.7734901905059814,
      1.7678945064544678,
      1.763686180114746,
      1.7632732391357422,
      1.763624668121338,
      1.7544634342193604,
      1.755118489265442,
      1.7672431468963623,
      1.7465840578079224,
      1.8034900426864624,
      1.8107248544692993,
      1.7421131134033203,
      1.8266483545303345,
      1.8935202360153198,
      1.8059306144714355,
