{
  "mse_1step": 1.8251194953918457,
  "mse_1step_oracle": 1.4085222482681274,
  "mse_1step_ols": 1.5753834247589111,
  "mse_1step_last": 3.5631422996520996,
  "rel_error_1step": 1.295769021494657,
  "rel_error_1step_last": 2.5297025332991523,
  "mse_rollout": 1.988914966583252,
  "mse_rollout_oracle": 1.832288384437561,
  "mse_rollout_ols": 1.8912228345870972,
  "mse_rollout_last": 3.6924209594726562,
  "rel_error_rollout": 1.0854814031873967,
  "rel_error_rollout_last": 2.015196401851383,
  "spd": 2.000753344595432,
  "ilwd": 2.3252868443727492,
  "noise_std": 0.5,
  "training_history": {
    "train_losses": [
      3.600637435913086,
      13.628241539001465,
      8.821816444396973,
      3.3742239475250244,
      1.9733954668045044,
      2.5081470012664795,
      2.1859686374664307,
      1.8508623838424683,
      1.9124565124511719,
      2.0071492195129395,
      1.9192851781845093,
      1.774993896484375,
      1.8844200372695923,
      2.009031295776367,
      1.9849555492401123,
      1.874815821647644,
      1.7616300582885742,
      1.800164818763733,
      1.8862361907958984,
      1.8865723609924316,
      1.8090345859527588,
      1.7502025365829468,
      1.7540796995162964,
      1.8027254343032837,
      1.7996714115142822,
      1.7508865594863892,
      1.7327296733856201,
      1.75327467918396,
      1.763148307800293,
      1.7425318956375122,
      1.724506139755249,
      1.7384570837020874,
      1.7435119152069092,
      1.7299444675445557,
      1.7195638418197632,
      1.7251609563827515,
      1.7251176834106445,
      1.7125194072723389,
      1.7212704420089722,
      1.7198200225830078,
      1.712419033050537,
      1.718817949295044,
      1.719543695449829,
      1.7126883268356323,
      1.7068992853164673,
      1.7135162353515625,
      1.7082496881484985,
      1.7068407535552979,
      1.7066848278045654,
      1.7036957740783691,
      1.7012519836425781,
      1.7060030698776245,
      1.698249101638794,
      1.7045929431915283,
      1.6987500190734863,
      1.697700023651123,
      1.6997630596160889,
      1.6980807781219482,
      1.6968580484390259,
      1.6969692707061768,
      1.6928865909576416,
      1.6956433057785034,
      1.6927123069763184,
      1.6926881074905396,
      1.6922672986984253,
      1.6902246475219727,
      1.6930023431777954,
      1.6893622875213623,
      1.6928932666778564,
      1.6860852241516113,
      1.6929734945297241,
      1.684240460395813,
      1.6920925378799438,
      1.6868321895599365,
      1.6962313652038574,
      1.694002389907837,
      1.6867510080337524,
      1.6859242916107178,
      1.6838412284851074,
      1.681723713874817,
      1.6859846115112305,
      1.6829484701156616,
      1.6863292455673218,
      1.6829038858413696,
      1.6824029684066772,
      1.6816023588180542,
      1.6793358325958252,
      1.6779942512512207,
      1.6804872751235962,
      1.67738676071167,
      1.6787636280059814,
      1.6792773008346558,
      1.676039695739746,
      1.6755642890930176,
      1.6761813163757324,
      1.6761047840118408,
      1.6730529069900513,
      1.6710823774337769,
      1.6727672815322876,
      1.670433521270752,
      1.6754379272460938,
      1.671532154083252,
      1.6701600551605225,
      1.6675173044204712,
      1.6732605695724487,
      1.6697611808776855,
      1.665632724761963,
      1.6782987117767334,
      1.6633623838424683,
      1.6883561611175537,
      1.6820157766342163,
      1.6719204187393188,
      1.6700255870819092,
      1.6755971908569336,
      1.6681554317474365,
      1.6722115278244019,
      1.6736810207366943,
      1.6619672775268555,
      1.6678411960601807,
      1.6625593900680542,
      1.6671314239501953,
      1.6628671884536743,
      1.6654514074325562,
      1.6601519584655762,
      1.667393445968628,
      1.6598032712936401,
      1.6706161499023438,
      1.6693836450576782,
      1.6550700664520264,
      1.6586648225784302,
      1.6539305448532104,
      1.6576015949249268,
      1.6511505842208862,
      1.6560131311416626,
      1.6485731601715088,
      1.655103325843811,
      1.6478139162063599,
      1.649304986000061,
      1.6508253812789917,
      1.6448248624801636,
      1.651429295539856,
      1.6443696022033691,
      1.6508103609085083,
      1.6428178548812866,
      1.651066780090332,
      1.6453200578689575,
      1.651147484779358,
      1.6512703895568848,
      1.6401582956314087,
      1.6445438861846924,
      1.638441562652588,
      1.6415119171142578,
      1.6360313892364502,
      1.6386432647705078,
      1.6358987092971802,
      1.6381288766860962,
      1.634909987449646,
      1.6398465633392334,
      1.638872742652893,
      1.63105309009552,
      1.6343638896942139,
      1.6273736953735352,
      1.63089120388031,
      1.6280953884124756,
      1.627394437789917,
      1.6255711317062378,
      1.6254969835281372,
      1.6255415678024292,
      1.6229442358016968,
      1.6226565837860107,
      1.621700644493103,
      1.6204748153686523,
      1.6207621097564697,
      1.6190502643585205,
      1.6191169023513794,
      1.618749976158142,
      1.6189305782318115,
      1.6205575466156006,
      1.6150494813919067,
      1.6158007383346558,
      1.6141763925552368,
      1.615138292312622,
      1.6145215034484863,
      1.6160844564437866,
      1.6123591661453247,
      1.6111031770706177,
      1.6115853786468506,
      1.6098430156707764,
      1.6087807416915894,
      1.6075464487075806,
      1.6083706617355347,
      1.6083441972732544,
      1.608360767364502,
      1.6074472665786743,
      1.6047393083572388,
      1.6027307510375977,
      1.6025696992874146,
      1.6034884452819824,
      1.6023653745651245,
      1.6010209321975708,
      1.59996497631073,
      1.5989278554916382,
      1.5981311798095703,
      1.5979790687561035,
      1.5971221923828125,
      1.5956430435180664,
      1.5947126150131226,
      1.5944709777832031,
      1.592427134513855,
      1.5923348665237427,
      1.591377854347229,
      1.5908682346343994,
      1.5902529954910278,
      1.589338779449463,
      1.5886675119400024,
      1.5879846811294556,
      1.587947964668274,
      1.588634729385376,
      1.584987998008728,
      1.5840829610824585,
      1.5846120119094849,
      1.5810742378234863,
      1.5783915519714355,
      1.5775083303451538,
      1.5755760669708252,
      1.5762887001037598,
      1.57769775390625,
      1.573304295539856,
      1.5713598728179932,
      1.571275234222412,
      1.57377290725708,
      1.5661677122116089,
      1.5668177604675293,
      1.5721298456192017,
      1.5619035959243774,
      1.5703496932983398,
      1.5602338314056396,
      1.56546151638031,
      1.5589078664779663,
      1.5563048124313354,
      1.5589388608932495,
      1.5537211894989014,
      1.5525668859481812,
      1.5536751747131348,
      1.5495996475219727,
      1.5487290620803833,
      1.547494649887085,
      1.5468941926956177,
      1.5482871532440186,
      1.5398348569869995,
      1.5428476333618164,
      1.5412205457687378,
      1.5407986640930176,
      1.5345325469970703,
      1.5318878889083862,
      1.5371043682098389,
      1.5253467559814453,
      1.5322026014328003,
      1.5272797346115112,
      1.5249220132827759,
      1.5211777687072754,
      1.5190527439117432,
      1.5224744081497192,
      1.5120776891708374,
      1.51665198802948,
      1.5094918012619019,
      1.5104669332504272,
      1.5007729530334473,
      1.5084537267684937,
      1.4968961477279663,
      1.498225212097168,
      1.4950823783874512,
      1.4876631498336792,
      1.4884824752807617,
      1.4797428846359253,
      1.4870080947875977,
      1.4689077138900757,
      1.4713271856307983,
      1.4722346067428589,
      1.4544658660888672,
      1.471398949623108,
      1.4453837871551514,
      1.4721335172653198,
      1.440512776374817,
      1.5229686498641968,
      1.5473352670669556,
