{
  "mse_1step": 1.908623218536377,
  "mse_1step_oracle": 1.055243968963623,
  "mse_1step_ols": 1.3623231649398804,
  "mse_1step_last": 3.731597900390625,
  "rel_error_1step": 1.80870327116001,
  "rel_error_1step_last": 3.5362418645761173,
  "mse_rollout": 2.084592819213867,
  "mse_rollout_oracle": 1.6841304302215576,
  "mse_rollout_ols": 1.9015536308288574,
  "mse_rollout_last": 3.8404951095581055,
  "rel_error_rollout": 1.2377858518592448,
  "rel_error_rollout_last": 2.280402420525627,
  "spd": 2.43462874814868,
  "ilwd": 5.781495890021324,
  "training_history": {
    "train_losses": [
      3.6774215698242188,
      13.398041725158691,
      8.684087753295898,
      3.701657295227051,
      2.236309766769409,
      2.949826240539551,
      2.9776947498321533,
      2.3972668647766113,
      2.074075222015381,
      2.211782693862915,
      2.3319623470306396,
      2.269841194152832,
      2.099029541015625,
      2.033900737762451,
      2.101846218109131,
      2.1062464714050293,
      2.052455186843872,
      2.0155866146087646,
      2.068561553955078,
      2.0942816734313965,
      2.0496249198913574,
      2.0288949012756348,
      2.0096585750579834,
      2.0423998832702637,
      2.0442137718200684,
      2.0069353580474854,
      2.010930061340332,
      2.0163354873657227,
      2.017133951187134,
      2.0010616779327393,
      1.9979203939437866,
      2.0009732246398926,
      2.000983715057373,
      1.9885278940200806,
      2.0015084743499756,
      2.006631851196289,
      1.989142894744873,
      1.9907723665237427,
      1.9915215969085693,
      1.9935961961746216,
      1.9851646423339844,
      1.9833779335021973,
      1.9867769479751587,
      1.9786698818206787,
      1.9791675806045532,
      1.9812512397766113,
      1.9765316247940063,
      1.9736788272857666,
      1.977182149887085,
      1.9712746143341064,
      1.9761875867843628,
      1.9711315631866455,
      1.9720942974090576,
      1.9683561325073242,
      1.9733810424804688,
      1.9676965475082397,
      1.9697848558425903,
      1.9703766107559204,
      1.9648081064224243,
      1.965952754020691,
      1.963370442390442,
      1.9662646055221558,
      1.9632294178009033,
      1.9638776779174805,
      1.9640969038009644,
      1.9615719318389893,
      1.960585355758667,
      1.9574984312057495,
      1.9572044610977173,
      1.9552738666534424,
      1.9573804140090942,
      1.951259970664978,
      1.9541881084442139,
      1.9494389295578003,
      1.9517258405685425,
      1.9508638381958008,
      1.9480961561203003,
      1.9498664140701294,
      1.9441310167312622,
      1.9463831186294556,
      1.9458234310150146,
      1.9438440799713135,
      1.94361412525177,
      1.9416579008102417,
      1.940900206565857,
      1.9414327144622803,
      1.939845085144043,
      1.938032865524292,
      1.9396998882293701,
      1.9398078918457031,
      1.942846417427063,
      1.9361445903778076,
      1.9385021924972534,
      1.937279224395752,
      1.9344773292541504,
      1.931952714920044,
      1.937203288078308,
      1.9306721687316895,
      1.9321565628051758,
      1.9323090314865112,
      1.9303184747695923,
      1.9274406433105469,
      1.9280725717544556,
      1.9284813404083252,
      1.9260435104370117,
      1.924578070640564,
      1.9240081310272217,
      1.923567295074463,
      1.9229955673217773,
      1.9211862087249756,
      1.92121160030365,
      1.9191638231277466,
      1.9198800325393677,
      1.917493462562561,
      1.9158576726913452,
      1.9149105548858643,
      1.9145804643630981,
      1.9143434762954712,
      1.9129431247711182,
      1.9111307859420776,
      1.9109858274459839,
      1.9106165170669556,
      1.9112420082092285,
      1.914029598236084,
      1.9063531160354614,
      1.9065998792648315,
      1.9116536378860474,
      1.905446171760559,
      1.9040577411651611,
      1.9085942506790161,
      1.9028676748275757,
      1.901728868484497,
      1.9006330966949463,
      1.90119469165802,
      1.9074774980545044,
      1.8983612060546875,
      1.9071877002716064,
      1.896881341934204,
      1.9079015254974365,
      1.8946900367736816,
      1.912217378616333,
      1.8974019289016724,
      1.9284477233886719,
      1.9389219284057617,
      1.8935729265213013,
      1.9580165147781372,
      2.009267807006836,
      1.9464653730392456,
      1.8905667066574097,
      1.9218765497207642,
      1.9160197973251343,
      1.8906676769256592,
      1.9064807891845703,
      1.9021161794662476,
      1.8917946815490723,
      1.895188331604004,
      1.8928054571151733,
      1.8886961936950684,
      1.8930128812789917,
      1.886238694190979,
      1.8930096626281738,
      1.8916627168655396,
      1.8848273754119873,
      1.8854848146438599,
      1.8818577527999878,
      1.8836615085601807,
      1.8828705549240112,
      1.8824630975723267,
      1.8792532682418823,
      1.8780313730239868,
      1.8785676956176758,
      1.8779188394546509,
      1.877703070640564,
      1.8736542463302612,
      1.873321533203125,
      1.8725173473358154,
      1.8763610124588013,
      1.8694664239883423,
      1.8688092231750488,
      1.8701881170272827,
      1.869378924369812,
      1.866416335105896,
      1.8678061962127686,
      1.8616842031478882,
      1.8614749908447266,
      1.8630750179290771,
      1.8611154556274414,
      1.856627345085144,
      1.8577814102172852,
      1.859466791152954,
      1.8527724742889404,
      1.8556674718856812,
      1.8529794216156006,
      1.8480565547943115,
      1.8477585315704346,
      1.8488434553146362,
      1.8465648889541626,
      1.846482753753662,
      1.8441849946975708,
      1.846199631690979,
      1.8380860090255737,
      1.8416534662246704,
      1.8424826860427856,
      1.8355523347854614,
      1.8351932764053345,
      1.8368252515792847,
      1.8311448097229004,
      1.8375054597854614,
      1.8272804021835327,
      1.8321888446807861,
      1.825684666633606,
      1.8236202001571655,
      1.8259005546569824,
      1.8219919204711914,
      1.8242042064666748,
      1.819944977760315,
      1.822077751159668,
      1.8153103590011597,
      1.8164111375808716,
      1.8122161626815796,
      1.8117923736572266,
      1.814369797706604,
      1.8084110021591187,
      1.8124134540557861,
      1.804500937461853,
      1.8144145011901855,
      1.8045238256454468,
      1.8134098052978516,
      1.8144121170043945,
      1.7998119592666626,
      1.8170967102050781,
      1.8083093166351318,
      1.8018789291381836,
      1.8031059503555298,
      1.7972129583358765,
      1.798689603805542,
      1.7951010465621948,
      1.7966400384902954,
      1.794164776802063,
      1.792261004447937,
      1.789952278137207,
      1.7859842777252197,
      1.7897891998291016,
      1.7840296030044556,
      1.7886167764663696,
      1.785822868347168,
      1.7832366228103638,
      1.7783540487289429,
      1.7805269956588745,
      1.7730122804641724,
      1.7747634649276733,
      1.7711044549942017,
      1.7672133445739746,
      1.7757704257965088,
      1.7637138366699219,
      1.7803808450698853,
      1.7748892307281494,
      1.7644457817077637,
      1.7631288766860962,
      1.761718511581421,
      1.7549043893814087,
      1.766703486442566,
      1.759446620941162,
      1.7558984756469727,
      1.7561208009719849,
      1.7474154233932495,
      1.744593858718872,
      1.748674988746643,
      1.7416603565216064,
      1.7462149858474731,
      1.7429805994033813,
      1.7380671501159668,
      1.741266131401062,
      1.7264944314956665,
      1.7333427667617798,
      1.7230069637298584,
      1.7253910303115845,
      1.7209261655807495,
      1.7284215688705444,
      1.7162880897521973,
      1.7287384271621704,
      1.7146930694580078,
      1.7344160079956055,
      1.7347986698150635,
      1.7211202383041382,
      1.7104675769805908,
      1.7195361852645874,
