{
  "mse_1step": 1.643543004989624,
  "mse_1step_oracle": 1.368786334991455,
  "mse_1step_ols": 1.45798659324646,
  "mse_1step_last": 2.9993972778320312,
  "rel_error_1step": 1.2007301380605062,
  "rel_error_1step_last": 2.1912823069283167,
  "mse_rollout": 1.6119104623794556,
  "mse_rollout_oracle": 1.5719032287597656,
  "mse_rollout_ols": 1.5875710248947144,
  "mse_rollout_last": 3.117762327194214,
  "rel_error_rollout": 1.0254514609345613,
  "rel_error_rollout_last": 1.9834314671229054,
  "spd": 1.415371760725975,
  "ilwd": 1.4418689489364624,
  "noise_std": 0.5,
  "training_history": {
    "train_losses": [
      3.3165600299835205,
      13.44886589050293,
      8.559734344482422,
      3.076465368270874,
      1.6699459552764893,
      2.197859287261963,
      1.8735319375991821,
      1.553395390510559,
      1.612502098083496,
      1.7039783000946045,
      1.6112842559814453,
      1.4750628471374512,
      1.5959339141845703,
      1.7199385166168213,
      1.692564606666565,
      1.5773512125015259,
      1.462335228919983,
      1.5130342245101929,
      1.606792688369751,
      1.6102339029312134,
      1.5341662168502808,
      1.462512493133545,
      1.4494868516921997,
      1.4960721731185913,
      1.5034873485565186,
      1.4588146209716797,
      1.4361789226531982,
      1.4520723819732666,
      1.46563720703125,
      1.4502546787261963,
      1.4268348217010498,
      1.445078730583191,
      1.4526560306549072,
      1.443800449371338,
      1.4241448640823364,
      1.4472070932388306,
      1.4635789394378662,
      1.4491034746170044,
      1.4401757717132568,
      1.418404459953308,
      1.4507956504821777,
      1.4731587171554565,
      1.4366393089294434,
      1.4274556636810303,
      1.4308631420135498,
      1.425947904586792,
      1.433525800704956,
      1.4208754301071167,
      1.4137086868286133,
      1.4202423095703125,
      1.4100911617279053,
      1.4155348539352417,
      1.413685917854309,
      1.4145734310150146,
      1.4066654443740845,
      1.4134891033172607,
      1.4105429649353027,
      1.408030390739441,
      1.4089916944503784,
      1.4064332246780396,
      1.4029158353805542,
      1.407088041305542,
      1.4032787084579468,
      1.4047518968582153,
      1.4024295806884766,
      1.4031821489334106,
      1.3998761177062988,
      1.4026826620101929,
      1.3987807035446167,
      1.4024485349655151,
      1.3999643325805664,
      1.39946448802948,
      1.3971099853515625,
      1.400305986404419,
      1.3961937427520752,
      1.399193286895752,
      1.3955692052841187,
      1.395300030708313,
      1.3949686288833618,
      1.3917615413665771,
      1.3929113149642944,
      1.3925150632858276,
      1.3919663429260254,
      1.3918273448944092,
      1.3894212245941162,
      1.389608383178711,
      1.387136697769165,
      1.3894693851470947,
      1.3864115476608276,
      1.3875551223754883,
      1.3837937116622925,
      1.3870422840118408,
      1.3850021362304688,
      1.3862025737762451,
      1.3834080696105957,
      1.3839563131332397,
      1.382947325706482,
      1.3827673196792603,
      1.381809949874878,
      1.382495641708374,
      1.3819621801376343,
      1.3811677694320679,
      1.3821784257888794,
      1.3808928728103638,
      1.3832359313964844,
      1.3824483156204224,
      1.3809648752212524,
      1.3787198066711426,
      1.3786122798919678,
      1.3798332214355469,
      1.3804914951324463,
      1.3797428607940674,
      1.3791439533233643,
      1.3764842748641968,
      1.3767508268356323,
      1.376988410949707,
      1.3782284259796143,
      1.375637412071228,
      1.3754616975784302,
      1.3749805688858032,
      1.3753752708435059,
      1.3749899864196777,
      1.3742570877075195,
      1.3730378150939941,
      1.3724677562713623,
      1.3720040321350098,
      1.3730942010879517,
      1.3733081817626953,
      1.371656894683838,
      1.3714021444320679,
      1.371485948562622,
      1.3727657794952393,
      1.3755486011505127,
      1.3720227479934692,
      1.3711254596710205,
      1.3706687688827515,
      1.3705147504806519,
      1.369789719581604,
      1.3682703971862793,
      1.368436574935913,
      1.3684210777282715,
      1.3689498901367188,
      1.3689011335372925,
      1.3678596019744873,
      1.3677561283111572,
      1.3674548864364624,
      1.3664460182189941,
      1.3662149906158447,
      1.3668212890625,
      1.3678065538406372,
      1.3681976795196533,
      1.3659371137619019,
      1.36430823802948,
      1.3635258674621582,
      1.3646633625030518,
      1.3644031286239624,
      1.3644373416900635,
      1.363002896308899,
      1.361954689025879,
      1.3619517087936401,
      1.362425446510315,
      1.3611443042755127,
      1.3608700037002563,
      1.3602116107940674,
      1.3589646816253662,
      1.3586094379425049,
      1.3592915534973145,
      1.3598560094833374,
      1.3591293096542358,
      1.3587167263031006,
      1.358299732208252,
      1.3585705757141113,
      1.3609354496002197,
      1.3589587211608887,
      1.3580961227416992,
      1.3573349714279175,
      1.3567132949829102,
      1.356701135635376,
      1.3563525676727295,
      1.3603861331939697,
      1.3547157049179077,
      1.3544046878814697,
      1.3560001850128174,
      1.3605657815933228,
      1.352773666381836,
      1.3593121767044067,
      1.3549127578735352,
      1.3526217937469482,
      1.3532660007476807,
      1.355384111404419,
      1.3521405458450317,
      1.3504446744918823,
      1.3525638580322266,
      1.3545156717300415,
      1.3518776893615723,
      1.3500349521636963,
      1.3508200645446777,
      1.3523082733154297,
      1.351025104522705,
      1.3501991033554077,
      1.349982738494873,
      1.3518821001052856,
      1.3502113819122314,
      1.3496955633163452,
      1.3490701913833618,
      1.3493294715881348,
      1.3491097688674927,
      1.3483929634094238,
      1.34681236743927,
      1.3462061882019043,
      1.345725655555725,
      1.3451019525527954,
      1.3452324867248535,
      1.3456084728240967,
      1.346083641052246,
      1.3447834253311157,
      1.3436931371688843,
      1.342815637588501,
      1.3433259725570679,
      1.3436646461486816,
      1.343829870223999,
      1.342964768409729,
      1.3422411680221558,
      1.3415497541427612,
      1.341127634048462,
      1.3416692018508911,
      1.3412551879882812,
      1.340613603591919,
      1.3394607305526733,
      1.338621735572815,
      1.3388835191726685,
      1.3385201692581177,
      1.3391047716140747,
      1.3387235403060913,
      1.3380669355392456,
      1.3380471467971802,
      1.339133620262146,
      1.3429442644119263,
      1.3376693725585938,
      1.3358020782470703,
      1.33721923828125,
      1.340641975402832,
      1.3361544609069824,
      1.335419774055481,
      1.33671236038208,
      1.3386565446853638,
      1.336125373840332,
      1.3360334634780884,
      1.3380478620529175,
      1.3356574773788452,
      1.3341501951217651,
      1.3334152698516846,
      1.3329132795333862,
      1.3337544202804565,
      1.3349525928497314,
      1.3353575468063354,
      1.331456184387207,
      1.3308932781219482,
      1.3319863080978394,
      1.3333101272583008,
      1.3329370021820068,
      1.3302981853485107,
      1.3293944597244263,
      1.3295317888259888,
      1.3301304578781128,
      1.3324098587036133,
      1.3304903507232666,
      1.329752802848816,
      1.3314961194992065,
      1.3291524648666382,
      1.327654242515564,
      1.3265020847320557,
      1.3264293670654297,
      1.3263565301895142,
      1.3278782367706299,
      1.3292131423950195,
      1.3266308307647705,
      1.3268685340881348,
      1.329978108406067,
      1.3239495754241943,
      1.323738932609558,
      1.3286091089248657,
      1.3242803812026978,
      1.3228906393051147,
      1.3236567974090576,
      1.3256404399871826,
