{
  "mse_1step": 2.063614845275879,
  "mse_1step_oracle": 1.4259382486343384,
  "mse_1step_ols": 1.9643230438232422,
  "mse_1step_last": 4.174615859985352,
  "rel_error_1step": 1.4471979044339833,
  "rel_error_1step_last": 2.927627380767365,
  "mse_rollout": 2.3065695762634277,
  "mse_rollout_oracle": 1.9159866571426392,
  "mse_rollout_ols": 2.2271854877471924,
  "mse_rollout_last": 4.277378082275391,
  "rel_error_rollout": 1.203854717706268,
  "rel_error_rollout_last": 2.2324675729497803,
  "spd": 2.3681549404747786,
  "ilwd": 5.323261588811874,
  "noise_std": 0.5,
  "training_history": {
    "train_losses": [
      3.8593618869781494,
      13.800960540771484,
      9.066449165344238,
      3.646315097808838,
      2.244577169418335,
      2.7891430854797363,
      2.4707980155944824,
      2.120673894882202,
      2.1828043460845947,
      2.2815935611724854,
      2.200805425643921,
      2.0477490425109863,
      2.1397979259490967,
      2.260484218597412,
      2.2365384101867676,
      2.1333961486816406,
      2.0299861431121826,
      2.069711685180664,
      2.1504173278808594,
      2.1420962810516357,
      2.062817096710205,
      2.016367197036743,
      2.0293028354644775,
      2.074418783187866,
      2.0616836547851562,
      2.011977434158325,
      2.0054433345794678,
      2.0256412029266357,
      2.0276761054992676,
      2.004835844039917,
      1.9946861267089844,
      2.003678798675537,
      1.9978673458099365,
      1.9850984811782837,
      1.9954111576080322,
      1.9919313192367554,
      1.9834309816360474,
      1.9860866069793701,
      1.9884417057037354,
      1.9787496328353882,
      1.9806673526763916,
      1.9829200506210327,
      1.9763789176940918,
      1.9818496704101562,
      1.976112723350525,
      1.974882960319519,
      1.9856268167495728,
      1.979374647140503,
      1.9801923036575317,
      1.9710719585418701,
      1.989314079284668,
      1.9918299913406372,
      1.9656858444213867,
      1.9800834655761719,
      1.9739696979522705,
      1.9708385467529297,
      1.9703607559204102,
      1.9681349992752075,
      1.9688646793365479,
      1.9623373746871948,
      1.966429591178894,
      1.9634027481079102,
      1.9614486694335938,
      1.9604616165161133,
      1.963992714881897,
      1.9611331224441528,
      1.960689663887024,
      1.9615226984024048,
      1.95526123046875,
      1.9564119577407837,
      1.956191897392273,
      1.9526777267456055,
      1.9542953968048096,
      1.952264666557312,
      1.9541630744934082,
      1.9509665966033936,
      1.9525948762893677,
      1.9481011629104614,
      1.952648639678955,
      1.9501179456710815,
      1.9482396841049194,
      1.9479506015777588,
      1.9468580484390259,
      1.9449323415756226,
      1.946439504623413,
      1.9452989101409912,
      1.9418184757232666,
      1.9410046339035034,
      1.9406490325927734,
      1.938500165939331,
      1.9429165124893188,
      1.9391438961029053,
      1.937579870223999,
      1.9360896348953247,
      1.9397348165512085,
      1.9372484683990479,
      1.9344542026519775,
      1.9371612071990967,
      1.9321223497390747,
      1.9333267211914062,
      1.9310532808303833,
      1.9295594692230225,
      1.9306881427764893,
      1.9260329008102417,
      1.9260504245758057,
      1.9240190982818604,
      1.9274667501449585,
      1.9234941005706787,
      1.921470046043396,
      1.9200626611709595,
      1.9192330837249756,
      1.9188073873519897,
      1.9216206073760986,
      1.9188952445983887,
      1.9184032678604126,
      1.9170581102371216,
      1.9171299934387207,
      1.9140923023223877,
      1.9138908386230469,
      1.9134044647216797,
      1.9112298488616943,
      1.9090404510498047,
      1.9074640274047852,
      1.9063700437545776,
      1.9048738479614258,
      1.9055408239364624,
      1.9080896377563477,
      1.9065974950790405,
      1.9040038585662842,
      1.904776930809021,
      1.9010404348373413,
      1.8992804288864136,
      1.898346185684204,
      1.8984121084213257,
      1.902065396308899,
      1.8949676752090454,
      1.8960460424423218,
      1.9062364101409912,
      1.8929203748703003,
      1.9291454553604126,
      1.929811954498291,
      1.8905588388442993,
      1.9159600734710693,
      1.9026750326156616,
      1.8978255987167358,
      1.9002611637115479,
      1.8930319547653198,
      1.89225172996521,
      1.893221378326416,
      1.8870590925216675,
      1.8941816091537476,
      1.8854973316192627,
      1.899733543395996,
      1.8954788446426392,
      1.8850250244140625,
      1.886676549911499,
      1.884185791015625,
      1.8817673921585083,
      1.8824161291122437,
      1.8789191246032715,
      1.8797446489334106,
      1.8774123191833496,
      1.8754448890686035,
      1.8760677576065063,
      1.8752821683883667,
      1.8709266185760498,
      1.8732107877731323,
      1.871440052986145,
      1.8721742630004883,
      1.8725543022155762,
      1.865932583808899,
      1.8670119047164917,
      1.8702360391616821,
      1.8659650087356567,
      1.864542007446289,
      1.8611900806427002,
      1.863730788230896,
      1.8613181114196777,
      1.859039068222046,
      1.858647108078003,
      1.857090950012207,
      1.857734203338623,
      1.8543623685836792,
      1.8537986278533936,
      1.853589653968811,
      1.850744605064392,
      1.8505899906158447,
      1.8497980833053589,
      1.846160650253296,
      1.844994306564331,
      1.845941185951233,
      1.843096375465393,
      1.8428316116333008,
      1.8419742584228516,
      1.8403478860855103,
      1.8370739221572876,
      1.8357125520706177,
      1.8353934288024902,
      1.8357502222061157,
      1.8294973373413086,
      1.8289127349853516,
      1.8286802768707275,
      1.831052303314209,
      1.8234988451004028,
      1.823677897453308,
      1.8258113861083984,
      1.8182332515716553,
      1.824532389640808,
      1.8150867223739624,
      1.8157473802566528,
      1.8185311555862427,
      1.80934739112854,
      1.8200455904006958,
      1.807487964630127,
      1.829749584197998,
      1.8270680904388428,
      1.802316427230835,
      1.8198366165161133,
      1.8140842914581299,
      1.799066424369812,
      1.7993496656417847,
      1.7958896160125732,
      1.7915735244750977,
      1.800245761871338,
      1.7895228862762451,
      1.799445390701294,
      1.7977098226547241,
      1.7868812084197998,
      1.7853847742080688,
      1.782639980316162,
      1.781444787979126,
      1.7729613780975342,
      1.7807704210281372,
      1.7757258415222168,
      1.7680723667144775,
      1.7693657875061035,
      1.7614396810531616,
      1.7621676921844482,
      1.7599033117294312,
      1.756432294845581,
      1.7501392364501953,
      1.7535821199417114,
      1.744170069694519,
      1.7402684688568115,
      1.7391666173934937,
      1.7318108081817627,
      1.7315176725387573,
      1.7238776683807373,
      1.7265982627868652,
      1.7173583507537842,
      1.7279733419418335,
      1.7281967401504517,
      1.7036429643630981,
      1.7026365995407104,
      1.7022383213043213,
      1.6870392560958862,
      1.7015373706817627,
      1.6877539157867432,
      1.6779816150665283,
      1.6807996034622192,
      1.6708780527114868,
      1.6641051769256592,
      1.6665446758270264,
      1.6475919485092163,
      1.6624548435211182,
      1.6579484939575195,
      1.6395386457443237,
      1.6502962112426758,
      1.6307252645492554,
      1.644051194190979,
      1.6337273120880127,
      1.6360315084457397,
      1.6327977180480957,
      1.624420404434204,
      1.6207869052886963,
      1.6131885051727295,
      1.6146183013916016,
      1.6068047285079956,
      1.605819582939148,
      1.6055775880813599,
      1.5904886722564697,
      1.6134964227676392,
      1.6081188917160034,
      1.5890047550201416,
      1.5888721942901611,
      1.5876706838607788,
