{
  "mse_1step": 1.5102589130401611,
  "mse_1step_oracle": 1.055243968963623,
  "mse_1step_ols": 1.2420769929885864,
  "mse_1step_last": 3.1515724658966064,
  "rel_error_1step": 1.4311940721380456,
  "rel_error_1step_last": 2.986581831869488,
  "mse_rollout": 1.7294487953186035,
  "mse_rollout_oracle": 1.6034454107284546,
  "mse_rollout_ols": 1.6662120819091797,
  "mse_rollout_last": 3.2509777545928955,
  "rel_error_rollout": 1.0785828963973927,
  "rel_error_rollout_last": 2.0274951257093043,
  "spd": 1.93028716892004,
  "ilwd": 2.747940185666084,
  "training_history": {
    "train_losses": [
      3.394963502883911,
      13.242183685302734,
      8.453714370727539,
      3.4343008995056152,
      1.9637844562530518,
      2.6787643432617188,
      2.704118490219116,
      2.1242482662200928,
      1.8055819272994995,
      1.9413176774978638,
      2.0602734088897705,
      1.997896432876587,
      1.827393889427185,
      1.7651742696762085,
      1.8331400156021118,
      1.8363934755325317,
      1.7826653718948364,
      1.7463538646697998,
      1.8003792762756348,
      1.8236279487609863,
      1.7784210443496704,
      1.7595165967941284,
      1.7407548427581787,
      1.771086573600769,
      1.771254062652588,
      1.7372580766677856,
      1.7393332719802856,
      1.7455692291259766,
      1.7456086874008179,
      1.7268880605697632,
      1.7332735061645508,
      1.735781192779541,
      1.733410358428955,
      1.720916986465454,
      1.7324419021606445,
      1.7387850284576416,
      1.7213718891143799,
      1.7214736938476562,
      1.7214988470077515,
      1.726088047027588,
      1.7152726650238037,
      1.7181174755096436,
      1.722636342048645,
      1.7112118005752563,
      1.7109146118164062,
      1.7137446403503418,
      1.7117085456848145,
      1.7051061391830444,
      1.7085952758789062,
      1.707236409187317,
      1.7025679349899292,
      1.7014892101287842,
      1.702840805053711,
      1.699099063873291,
      1.7013107538223267,
      1.6952910423278809,
      1.6990978717803955,
      1.6957900524139404,
      1.6951788663864136,
      1.6956398487091064,
      1.6943542957305908,
      1.6939730644226074,
      1.6925169229507446,
      1.6904222965240479,
      1.689772367477417,
      1.6883577108383179,
      1.6882965564727783,
      1.6863116025924683,
      1.6865465641021729,
      1.6845263242721558,
      1.6853777170181274,
      1.6823296546936035,
      1.681885838508606,
      1.679866909980774,
      1.680622935295105,
      1.680454969406128,
      1.6794670820236206,
      1.6797773838043213,
      1.6769753694534302,
      1.6777926683425903,
      1.6794284582138062,
      1.6777769327163696,
      1.6769872903823853,
      1.6741693019866943,
      1.6731542348861694,
      1.6730839014053345,
      1.6728154420852661,
      1.6717519760131836,
      1.6731746196746826,
      1.6709980964660645,
      1.6704494953155518,
      1.669954776763916,
      1.669321894645691,
      1.6682242155075073,
      1.6687692403793335,
      1.6672927141189575,
      1.6695359945297241,
      1.6645222902297974,
      1.6640642881393433,
      1.663551926612854,
      1.6655383110046387,
      1.663353443145752,
      1.6619757413864136,
      1.6599531173706055,
      1.6594732999801636,
      1.6606512069702148,
      1.6606638431549072,
      1.6582655906677246,
      1.6562000513076782,
      1.6545792818069458,
      1.6548365354537964,
      1.6531342267990112,
      1.6545207500457764,
      1.6538223028182983,
      1.6524357795715332,
      1.6509833335876465,
      1.651077389717102,
      1.6521284580230713,
      1.6530908346176147,
      1.6473965644836426,
      1.6458065509796143,
      1.6477409601211548,
      1.6507716178894043,
      1.6451046466827393,
      1.643113136291504,
      1.6467546224594116,
      1.6457263231277466,
      1.642360806465149,
      1.640951156616211,
      1.6427371501922607,
      1.6433603763580322,
      1.6386431455612183,
      1.6377408504486084,
      1.6390511989593506,
      1.643571376800537,
      1.6346652507781982,
      1.643111228942871,
      1.634695053100586,
      1.6390860080718994,
      1.6351877450942993,
      1.6357523202896118,
      1.6353965997695923,
      1.6307300329208374,
      1.632477879524231,
      1.6356534957885742,
      1.6285053491592407,
      1.6354026794433594,
      1.626987338066101,
      1.6302539110183716,
      1.6287261247634888,
      1.6257222890853882,
      1.6288111209869385,
      1.6256130933761597,
      1.623078465461731,
      1.6251012086868286,
      1.624051570892334,
      1.6207103729248047,
      1.6215627193450928,
      1.6259126663208008,
      1.618245244026184,
      1.6221977472305298,
      1.6202672719955444,
      1.6234854459762573,
      1.6162629127502441,
      1.6167292594909668,
      1.6202894449234009,
      1.6151461601257324,
      1.6162261962890625,
      1.6189448833465576,
      1.611904501914978,
      1.6144922971725464,
      1.6180336475372314,
      1.6108498573303223,
      1.6205148696899414,
      1.6106257438659668,
      1.6256340742111206,
      1.6168979406356812,
      1.6210342645645142,
      1.6225425004959106,
      1.609535813331604,
      1.6147572994232178,
      1.6073012351989746,
      1.617322325706482,
      1.6086605787277222,
      1.626261591911316,
      1.6316196918487549,
      1.6023359298706055,
      1.6291961669921875,
      1.6259663105010986,
      1.6024973392486572,
      1.6159623861312866,
      1.6071577072143555,
      1.6106042861938477,
      1.6122623682022095,
      1.6003954410552979,
      1.608715534210205,
      1.60048508644104,
      1.611631155014038,
      1.6110329627990723,
      1.597610354423523,
      1.6067497730255127,
      1.5982681512832642,
      1.6066466569900513,
      1.6065986156463623,
      1.5944364070892334,
      1.6045856475830078,
      1.5954794883728027,
      1.605483055114746,
      1.6078754663467407,
      1.5956190824508667,
      1.6067450046539307,
      1.6114091873168945,
      1.593113660812378,
      1.6017016172409058,
      1.6109751462936401,
      1.5921037197113037,
      1.6030619144439697,
      1.618550181388855,
      1.6011431217193604,
      1.586441993713379,
      1.6014498472213745,
      1.5940312147140503,
      1.5873544216156006,
      1.5919049978256226,
      1.5877207517623901,
      1.5867313146591187,
      1.5865534543991089,
      1.5835236310958862,
      1.589377522468567,
      1.5865815877914429,
      1.583628535270691,
      1.5813387632369995,
      1.5824110507965088,
      1.5760632753372192,
      1.5774787664413452,
      1.5784095525741577,
      1.573821783065796,
      1.5743470191955566,
      1.5757921934127808,
      1.5692102909088135,
      1.5765578746795654,
      1.5691795349121094,
      1.5777146816253662,
      1.571513056755066,
      1.5771151781082153,
      1.568892478942871,
      1.5785329341888428,
      1.5782536268234253,
      1.558875560760498,
      1.5669459104537964,
      1.5573290586471558,
      1.5635744333267212,
      1.5566372871398926,
      1.5574955940246582,
      1.5592982769012451,
      1.5524954795837402,
      1.5603795051574707,
      1.5542469024658203,
      1.5599762201309204,
      1.5599493980407715,
      1.5491434335708618,
      1.5491118431091309,
      1.5497931241989136,
      1.5441498756408691,
      1.5520061254501343,
      1.5482362508773804,
      1.5425300598144531,
      1.5416932106018066,
      1.540627121925354,
      1.5376371145248413,
      1.543900489807129,
      1.537354826927185,
      1.5351903438568115,
      1.5349527597427368,
      1.5347946882247925,
      1.5296237468719482,
      1.5280784368515015,
      1.5262892246246338,
      1.5277771949768066,
      1.5227248668670654,
      1.5255845785140991,
      1.5227717161178589,
      1.5132458209991455,
      1.5158663988113403,
      1.5173256397247314,
      1.5183995962142944,
