{
  "mse_1step": 2.129249095916748,
  "mse_1step_oracle": 1.4303176403045654,
  "mse_1step_ols": 2.6956753730773926,
  "mse_1step_last": 4.262701988220215,
  "rel_error_1step": 1.4886547127135727,
  "rel_error_1step_last": 2.9802484903371074,
  "mse_rollout": 2.314582347869873,
  "mse_rollout_oracle": 1.9158952236175537,
  "mse_rollout_ols": 3.0759377479553223,
  "mse_rollout_last": 4.287633419036865,
  "rel_error_rollout": 1.2080944298715492,
  "rel_error_rollout_last": 2.237926879394294,
  "spd": 2.6769591900287195,
  "ilwd": 33.342978566884995,
  "noise_std": 0.5,
  "training_history": {
    "train_losses": [
      3.8865761756896973,
      13.822966575622559,
      9.096147537231445,
      3.6774978637695312,
      2.2744648456573486,
      2.821099042892456,
      2.5029468536376953,
      2.1515486240386963,
      2.213270902633667,
      2.312680721282959,
      2.2330055236816406,
      2.0786795616149902,
      2.1691746711730957,
      2.28812837600708,
      2.264497995376587,
      2.162654161453247,
      2.0609207153320312,
      2.101253032684326,
      2.1824026107788086,
      2.1723406314849854,
      2.092364549636841,
      2.047557830810547,
      2.0602073669433594,
      2.1047370433807373,
      2.092172384262085,
      2.0425827503204346,
      2.0374603271484375,
      2.057856321334839,
      2.0592262744903564,
      2.0364673137664795,
      2.0252108573913574,
      2.0341107845306396,
      2.027188777923584,
      2.0164201259613037,
      2.0249507427215576,
      2.020127773284912,
      2.0135481357574463,
      2.01847505569458,
      2.017305374145508,
      2.0102527141571045,
      2.012136220932007,
      2.0107266902923584,
      2.011801242828369,
      2.0120298862457275,
      2.004760503768921,
      2.0078418254852295,
      2.011878252029419,
      2.003462553024292,
      2.016111135482788,
      2.0103490352630615,
      2.0138542652130127,
      2.00675892829895,
      2.004326820373535,
      2.0066134929656982,
      1.9997013807296753,
      1.9943723678588867,
      2.0073955059051514,
      2.0033950805664062,
      1.996158480644226,
      1.9946130514144897,
      1.9987159967422485,
      1.9931869506835938,
      1.997544288635254,
      1.9979623556137085,
      1.990169644355774,
      1.990444302558899,
      1.9916921854019165,
      1.9887113571166992,
      1.991711139678955,
      1.9913002252578735,
      1.9886831045150757,
      1.986229658126831,
      1.9878063201904297,
      1.9868634939193726,
      1.9862720966339111,
      1.986519455909729,
      1.9822946786880493,
      1.9805961847305298,
      1.9818594455718994,
      1.9783782958984375,
      1.982241153717041,
      1.9793150424957275,
      1.9822604656219482,
      1.9806710481643677,
      1.9752264022827148,
      1.9751530885696411,
      1.9759935140609741,
      1.97392737865448,
      1.9768308401107788,
      1.9732104539871216,
      1.9707138538360596,
      1.9732344150543213,
      1.9701229333877563,
      1.9697167873382568,
      1.9660133123397827,
      1.9656919240951538,
      1.966153860092163,
      1.9626067876815796,
      1.9633523225784302,
      1.9609373807907104,
      1.9629310369491577,
      1.960617184638977,
      1.9646657705307007,
      1.9546984434127808,
      1.9584769010543823,
      1.9607465267181396,
      1.954524278640747,
      1.9609731435775757,
      1.952986240386963,
      1.9527146816253662,
      1.9529622793197632,
      1.950690746307373,
      1.9483344554901123,
      1.9484304189682007,
      1.9481666088104248,
      1.9491677284240723,
      1.9443296194076538,
      1.9423848390579224,
      1.9462392330169678,
      1.9418131113052368,
      1.9410381317138672,
      1.9399712085723877,
      1.9402340650558472,
      1.939122200012207,
      1.93826425075531,
      1.9368711709976196,
      1.9358450174331665,
      1.936813473701477,
      1.9326282739639282,
      1.9302432537078857,
      1.9305963516235352,
      1.9300343990325928,
      1.9289695024490356,
      1.927312970161438,
      1.9266648292541504,
      1.9261513948440552,
      1.9253222942352295,
      1.9268773794174194,
      1.9255985021591187,
      1.9219834804534912,
      1.9211028814315796,
      1.922026515007019,
      1.9211546182632446,
      1.9189984798431396,
      1.9170732498168945,
      1.9158211946487427,
      1.9152178764343262,
      1.915368914604187,
      1.9148707389831543,
      1.9145413637161255,
      1.9148411750793457,
      1.9172804355621338,
      1.9121980667114258,
      1.91042160987854,
      1.9115142822265625,
      1.9113439321517944,
      1.9109444618225098,
      1.9092214107513428,
      1.9095361232757568,
      1.9071556329727173,
      1.9081103801727295,
      1.9072561264038086,
      1.9034634828567505,
      1.9032561779022217,
      1.9024021625518799,
      1.9018335342407227,
      1.903785228729248,
      1.900733470916748,
      1.8996400833129883,
      1.897937297821045,
      1.8963189125061035,
      1.8942899703979492,
      1.8944162130355835,
      1.8948723077774048,
      1.8937623500823975,
      1.893136978149414,
      1.8919230699539185,
      1.8922375440597534,
      1.8892415761947632,
      1.8901363611221313,
      1.8881248235702515,
      1.8882277011871338,
      1.8860719203948975,
      1.884998083114624,
      1.8830206394195557,
      1.8807510137557983,
      1.8789854049682617,
      1.8769876956939697,
      1.8760530948638916,
      1.8751391172409058,
      1.8760961294174194,
      1.873139500617981,
      1.8717342615127563,
      1.8729861974716187,
      1.8677563667297363,
      1.864006519317627,
      1.8628959655761719,
      1.861990213394165,
      1.8616021871566772,
      1.864748477935791,
      1.8558802604675293,
      1.8575626611709595,
      1.8635181188583374,
      1.851235032081604,
      1.8780090808868408,
      1.867696762084961,
      1.853192925453186,
      1.853853464126587,
      1.8488950729370117,
      1.8443257808685303,
      1.8522617816925049,
      1.845436930656433,
      1.8434993028640747,
      1.8411189317703247,
      1.8368996381759644,
      1.8325730562210083,
      1.8338888883590698,
      1.8285819292068481,
      1.8319902420043945,
      1.8274283409118652,
      1.8208458423614502,
      1.8196696043014526,
      1.8149062395095825,
      1.8133366107940674,
      1.8100004196166992,
      1.80364191532135,
      1.812753438949585,
      1.804021954536438,
      1.8003242015838623,
      1.7977044582366943,
      1.7908529043197632,
      1.7855538129806519,
      1.7840285301208496,
      1.777474284172058,
      1.7866696119308472,
      1.7779650688171387,
      1.7687526941299438,
      1.7804195880889893,
      1.7589019536972046,
      1.805354118347168,
      1.8121057748794556,
      1.7661188840866089,
      1.7684484720230103,
      1.7673335075378418,
      1.7597503662109375,
      1.7417229413986206,
      1.7494652271270752,
      1.7359857559204102,
      1.7496484518051147,
      1.7454850673675537,
      1.7111526727676392,
      1.7466554641723633,
      1.7378168106079102,
      1.7171354293823242,
      1.70331871509552,
      1.7169259786605835,
      1.695311427116394,
      1.7118234634399414,
      1.7094542980194092,
      1.6915446519851685,
      1.6797276735305786,
      1.6827116012573242,
      1.6702903509140015,
      1.6802136898040771,
      1.6691577434539795,
      1.6627339124679565,
      1.6542960405349731,
      1.6517952680587769,
      1.6453850269317627,
      1.6523290872573853,
      1.6405609846115112,
      1.6396558284759521,
      1.6351673603057861,
      1.6215717792510986,
      1.622767686843872,
      1.6093050241470337,
      1.6040757894515991,
      1.6022562980651855,
      1.5972164869308472,
      1.5939587354660034,
      1.5860559940338135,
      1.5848740339279175,
      1.5849480628967285,
      1.5727624893188477,
      1.572241187095642,
      1.5660064220428467,
