{
  "lag_attention": [
    [
      0.037108007818460464,
      0.032851167023181915,
      0.03235539048910141,
      0.02777312882244587,
      0.026447832584381104,
      0.02422189526259899,
      0.023326637223362923,
      0.02140672504901886,
      0.021097660064697266,
      0.02050645276904106
    ],
    [
      0.07015202194452286,
      0.05422378331422806,
      0.051676198840141296,
      0.041108909994363785,
      0.03884672373533249,
      0.034185297787189484,
      0.033799976110458374,
      0.028454234823584557,
      0.028608690947294235,
      0.026137573644518852
    ],
    [
      0.030062347650527954,
      0.026908252388238907,
      0.024574894458055496,
      0.02292006090283394,
      0.021180126816034317,
      0.020038729533553123,
      0.018575621768832207,
      0.018581055104732513,
      0.017360586673021317,
      0.01583545096218586
    ],
    [
      0.021607710048556328,
      0.01993393898010254,
      0.01768595166504383,
      0.016512146219611168,
      0.014453423209488392,
      0.013727134093642235,
      0.012430857867002487,
      0.0131940096616745,
      0.012434959411621094,
      0.01169875543564558
    ]
  ],
  "dominant_lags": [
    1,
    1,
    1,
    1
  ],
  "cluster_labels": [
    2,
    0,
    2,
    1
  ],
  "cluster_centers": [
    [
      0.07015202194452286,
      0.05422378331422806,
      0.051676198840141296,
      0.041108909994363785,
      0.03884672373533249,
      0.034185297787189484,
      0.033799976110458374,
      0.028454234823584557,
      0.028608690947294235,
      0.026137573644518852
    ],
    [
      0.021607710048556328,
      0.01993393898010254,
      0.01768595166504383,
      0.016512146219611168,
      0.014453423209488392,
      0.013727134093642235,
      0.012430857867002487,
      0.0131940096616745,
      0.012434959411621094,
      0.01169875543564558
    ],
    [
      0.03358517773449421,
      0.02987970970571041,
      0.028465142473578453,
      0.025346594862639904,
      0.02381397970020771,
      0.022130312398076057,
      0.020951129496097565,
      0.019993890076875687,
      0.01922912336885929,
      0.01817095186561346
    ]
  ],
  "lag_ablation_results": {
    "1": 0.006677389144897461,
    "2": 0.006677389144897461,
    "3": 0.006677389144897461,
    "4": 0.006677389144897461,
    "5": 0.006677389144897461,
    "6": 0.006677389144897461,
    "7": 0.006677389144897461,
    "8": 0.006677389144897461,
    "9": 0.006677389144897461,
    "10": 0.006677389144897461
  }
}