{
  "mse_1step": 1.4150410890579224,
  "mse_1step_oracle": 1.0552438497543335,
  "mse_1step_ols": 1.1369081735610962,
  "mse_1step_last": 2.6088435649871826,
  "rel_error_1step": 1.340961228428246,
  "rel_error_1step_last": 2.4722660696809893,
  "mse_rollout": 1.3945648670196533,
  "mse_rollout_oracle": 1.3481324911117554,
  "mse_rollout_ols": 1.3648204803466797,
  "mse_rollout_last": 2.64694881439209,
  "rel_error_rollout": 1.0344419975143593,
  "rel_error_rollout_last": 1.963418901215895,
  "spd": 1.4492086321115494,
  "ilwd": 1.8456441640853882,
  "training_history": {
    "train_losses": [
      3.086235523223877,
      13.067720413208008,
      8.197795867919922,
      3.143139362335205,
      1.6641210317611694,
      2.380417823791504,
      2.408909320831299,
      1.8292827606201172,
      1.5096094608306885,
      1.6450190544128418,
      1.76543390750885,
      1.7051565647125244,
      1.534726858139038,
      1.468044638633728,
      1.5369257926940918,
      1.5409564971923828,
      1.4883241653442383,
      1.4522379636764526,
      1.5008256435394287,
      1.527466893196106,
      1.4860414266586304,
      1.4640463590621948,
      1.4436862468719482,
      1.4778801202774048,
      1.4807639122009277,
      1.4421600103378296,
      1.4466701745986938,
      1.450520634651184,
      1.453884243965149,
      1.4382814168930054,
      1.4313148260116577,
      1.4350920915603638,
      1.4359849691390991,
      1.424048900604248,
      1.4392573833465576,
      1.445074439048767,
      1.4244035482406616,
      1.4280376434326172,
      1.4279192686080933,
      1.430672287940979,
      1.4241982698440552,
      1.4164334535598755,
      1.4204117059707642,
      1.415056586265564,
      1.4158233404159546,
      1.4166786670684814,
      1.4131442308425903,
      1.4099756479263306,
      1.4131512641906738,
      1.408285140991211,
      1.4115651845932007,
      1.407976746559143,
      1.4080407619476318,
      1.4067838191986084,
      1.4057629108428955,
      1.402640461921692,
      1.4056123495101929,
      1.40227472782135,
      1.403634786605835,
      1.401332974433899,
      1.4024087190628052,
      1.3997377157211304,
      1.4002952575683594,
      1.3967863321304321,
      1.4003182649612427,
      1.3958446979522705,
      1.3978352546691895,
      1.3932712078094482,
      1.395068883895874,
      1.392266869544983,
      1.3943685293197632,
      1.390844464302063,
      1.392198920249939,
      1.3879369497299194,
      1.3905714750289917,
      1.388817548751831,
      1.390221118927002,
      1.3885873556137085,
      1.3874073028564453,
      1.386225938796997,
      1.387336015701294,
      1.3846712112426758,
      1.3858789205551147,
      1.3838250637054443,
      1.3836917877197266,
      1.3841450214385986,
      1.382980227470398,
      1.3826144933700562,
      1.3830937147140503,
      1.3822962045669556,
      1.3815529346466064,
      1.3813148736953735,
      1.3804248571395874,
      1.3795812129974365,
      1.3806002140045166,
      1.3786059617996216,
      1.3795886039733887,
      1.378213882446289,
      1.3803011178970337,
      1.379265546798706,
      1.3801480531692505,
      1.3778146505355835,
      1.3774405717849731,
      1.3769967555999756,
      1.3772565126419067,
      1.3793938159942627,
      1.378408432006836,
      1.3763443231582642,
      1.3750362396240234,
      1.3741353750228882,
      1.3749393224716187,
      1.3726861476898193,
      1.3735538721084595,
      1.3737192153930664,
      1.3739815950393677,
      1.3731638193130493,
      1.3723846673965454,
      1.371536374092102,
      1.3720141649246216,
      1.371766448020935,
      1.3710092306137085,
      1.3709559440612793,
      1.3704532384872437,
      1.3710819482803345,
      1.3704452514648438,
      1.371618628501892,
      1.375875473022461,
      1.3688842058181763,
      1.369317889213562,
      1.3731311559677124,
      1.3689314126968384,
      1.3689665794372559,
      1.3696433305740356,
      1.3688075542449951,
      1.3683167695999146,
      1.368838906288147,
      1.3685486316680908,
      1.3676069974899292,
      1.3661057949066162,
      1.3675086498260498,
      1.3672692775726318,
      1.3646270036697388,
      1.3641561269760132,
      1.3649065494537354,
      1.3647099733352661,
      1.3644417524337769,
      1.3640761375427246,
      1.3633941411972046,
      1.3625959157943726,
      1.3624347448349,
      1.3634536266326904,
      1.3627339601516724,
      1.3619681596755981,
      1.3620070219039917,
      1.3631070852279663,
      1.3631360530853271,
      1.3628946542739868,
      1.3614341020584106,
      1.360115647315979,
      1.359397053718567,
      1.35931396484375,
      1.3589026927947998,
      1.3581217527389526,
      1.3571513891220093,
      1.3584117889404297,
      1.3584791421890259,
      1.3577266931533813,
      1.3584843873977661,
      1.3589606285095215,
      1.3596891164779663,
      1.3562716245651245,
      1.354849100112915,
      1.3557896614074707,
      1.35604727268219,
      1.3576326370239258,
      1.3581706285476685,
      1.3543286323547363,
      1.3533143997192383,
      1.3550115823745728,
      1.3567835092544556,
      1.3558186292648315,
      1.3537617921829224,
      1.3530900478363037,
      1.3532488346099854,
      1.3528847694396973,
      1.3526556491851807,
      1.3514125347137451,
      1.3517467975616455,
      1.3515121936798096,
      1.3512448072433472,
      1.350913643836975,
      1.350394606590271,
      1.3503262996673584,
      1.3489354848861694,
      1.3492326736450195,
      1.348766803741455,
      1.3479019403457642,
      1.3482857942581177,
      1.3478307723999023,
      1.3473401069641113,
      1.34730863571167,
      1.3471280336380005,
      1.3469561338424683,
      1.3470590114593506,
      1.347077488899231,
      1.3482924699783325,
      1.351166009902954,
      1.346306562423706,
      1.3453313112258911,
      1.347522497177124,
      1.3524092435836792,
      1.3443809747695923,
      1.3505703210830688,
      1.3459882736206055,
      1.3454209566116333,
      1.3473566770553589,
      1.3468730449676514,
      1.3433592319488525,
      1.3430120944976807,
      1.343925952911377,
      1.3456820249557495,
      1.3449023962020874,
      1.3437044620513916,
      1.3443938493728638,
      1.3444442749023438,
      1.3420984745025635,
      1.3406203985214233,
      1.3420085906982422,
      1.3430263996124268,
      1.3439794778823853,
      1.340989112854004,
      1.3414238691329956,
      1.3438105583190918,
      1.3405808210372925,
      1.3394876718521118,
      1.3400145769119263,
      1.3395960330963135,
      1.3390551805496216,
      1.3375650644302368,
      1.3387995958328247,
      1.3386245965957642,
      1.3373932838439941,
      1.336822509765625,
      1.3364523649215698,
      1.3377922773361206,
      1.3380684852600098,
      1.3387439250946045,
      1.339287519454956,
      1.3359919786453247,
      1.3349101543426514,
      1.33414888381958,
      1.3347194194793701,
      1.335342526435852,
      1.337111473083496,
      1.3364663124084473,
      1.334813117980957,
      1.3335332870483398,
      1.3332675695419312,
      1.3326977491378784,
      1.3329379558563232,
      1.3326232433319092,
      1.3329254388809204,
      1.3325059413909912,
      1.3320719003677368,
      1.3312773704528809,
      1.3314101696014404,
      1.3322876691818237,
      1.333837866783142,
      1.3317278623580933,
      1.330511212348938,
      1.3297815322875977,
      1.3294826745986938,
      1.3305574655532837,
      1.3314191102981567,
      1.3331794738769531,
      1.32820725440979,
      1.3269387483596802,
      1.3298202753067017,
      1.3324307203292847,
      1.3267321586608887,
      1.3277000188827515,
      1.3327248096466064,
      1.3250185251235962,
      1.332154631614685,
      1.3270256519317627,
      1.3250296115875244,
      1.3269858360290527,
